Time,Health_1,Health_2,Health_3,Disease_1,Disease_2,Disease_3,Prediction_Health,Prediction_Disease
00:00:00,84.2697,86.0997,92.7832,91.4634,101.957,88.652,,
00:00:05,84.2697,85.1549,92.7607,91.4634,102.651,89.9465,87.55631666666667,90.4702738095238
00:00:10,84.0619,84.7458,93.4589,91.1834,102.552,89.0909,87.40865000000001,90.43974285714286
00:00:15,85.6542,84.601,93.3333,91.8788,102.329,90.0317,87.64251666666668,90.58613809523811
00:00:20,87.2093,84.4511,92.0536,91.1772,102.516,90.343,87.88375,90.81040714285714
00:00:25,87.1246,84.8366,90.3252,89.7992,102.74,90.3987,87.66673333333334,90.59342619047618
00:00:30,86.8726,84.4924,90.4617,90.3571,102.74,91.1116,87.35218333333334,90.42600476190475
00:00:35,86.7052,83.5455,91.4634,92.0227,102.146,91.1382,87.2568,90.54071428571427
00:00:40,87.5899,83.3333,90.9669,91.9105,101.683,91.8114,87.26736666666666,90.63219523809525
00:00:45,89.1475,83.9661,89.7903,91.141,102.101,91.9394,87.46566666666666,90.73654523809523
00:00:50,89.8204,84.9048,88.4148,91.9571,102.114,91.4815,87.67398333333333,90.86613333333332
00:00:55,89.8204,85.5223,85.9164,91.8744,100.964,92.0,87.39984999999999,90.68498571428569
00:01:00,90.4375,86.5216,83.7,90.1645,100.379,91.6162,86.98636666666667,90.20635952380951
00:01:05,91.7605,86.5116,83.778,89.8047,100.357,91.8577,87.1182,90.08033571428572
00:01:10,93.1081,85.1722,85.7737,91.6464,100.021,92.5166,87.68401666666668,90.54825238095239
00:01:15,94.3291,83.7017,87.37,93.1426,100.0,92.0497,88.24246666666667,91.09400238095239
00:01:20,95.8003,82.4889,87.5375,93.4519,99.8887,92.5201,88.53791666666666,91.38259523809523
00:01:25,97.5119,82.4781,88.9871,92.3365,99.6,94.0097,89.13396666666667,91.77704523809524
00:01:30,98.7457,83.5605,90.145,91.5574,99.7113,94.486,90.23805,92.40037857142858
00:01:35,98.904,84.4982,89.6279,92.0669,100.0,94.1772,90.91355,92.80765714285714
00:01:40,98.3437,84.4787,88.8994,92.2745,100.0,94.5425,90.79198333333335,92.81406904761906
00:01:45,98.3075,83.9374,87.3393,92.7285,100.177,94.5952,90.21766666666667,92.57564523809523
00:01:50,98.8313,83.0309,87.5077,94.4017,100.513,94.8636,89.82568333333333,92.56317619047618
00:01:55,99.0789,83.0251,89.5235,95.7123,100.671,95.2782,90.16623333333334,93.0549761904762
00:02:00,98.8157,83.9511,90.5218,95.2184,100.671,95.267,90.81935,93.52662142857145
00:02:05,98.2998,84.2697,90.0455,95.2685,100.671,95.5743,90.98393333333334,93.61011904761907
00:02:10,97.7311,84.462,88.9076,96.3945,100.93,94.188,90.61928333333334,93.42718333333335
00:02:15,97.6471,85.0841,88.2895,96.8731,101.074,94.0313,90.35356666666667,93.30853095238096
00:02:20,97.7922,86.1177,87.8844,97.1613,100.815,95.812,90.46916666666667,93.53714523809523
00:02:25,97.2974,87.7395,89.8547,97.054,100.671,96.448,91.11431666666667,94.06255952380951
00:02:30,96.2042,89.2835,90.8834,97.7903,100.671,97.3906,91.87711666666667,94.64584523809523
00:02:35,95.2318,89.9091,89.0927,98.6842,100.671,98.0392,91.76745,94.81327857142858
00:02:40,94.9367,89.6472,88.0639,98.6842,102.905,98.3179,91.14689999999999,94.74833571428573
00:02:45,95.0867,89.5488,87.7193,98.8201,102.905,98.8521,90.83376666666666,94.79674523809521
00:02:50,95.389,89.6429,86.8272,99.1469,96.4238,99.5161,90.70231666666666,94.3773238095238
00:02:55,95.5414,89.5433,85.3848,99.3377,99.8268,100.215,90.3881,94.11222142857144
00:03:00,95.2439,89.9871,85.0308,99.3377,97.9788,100.285,90.12188333333333,94.13971904761904
00:03:05,94.9415,90.3614,86.1942,99.3377,102.074,100.708,90.29315,94.43331428571427
00:03:10,95.3557,90.1861,86.6404,99.1469,100.874,101.058,90.61321666666667,94.86459523809523
00:03:15,96.3423,89.6683,84.9593,98.9404,100.874,100.946,90.52535,94.71729285714287
00:03:20,97.1563,88.7806,85.712,99.0789,100.874,101.24,90.43646666666669,94.67464523809525
00:03:25,97.4026,87.9897,87.6723,98.9587,94.7721,101.248,90.78558333333336,94.46116904761907
00:03:30,96.7028,88.0348,88.3041,99.3053,93.8649,100.985,91.01771666666669,94.09112380952382
00:03:35,96.5516,88.4809,90.7407,99.7168,91.706,101.433,91.46915000000001,94.19744285714286
00:03:40,97.9837,88.4358,92.5926,99.4225,91.5335,102.041,92.46421666666667,94.68332380952381
00:03:45,98.9879,87.788,92.7789,99.7811,90.5322,101.779,93.09448333333333,94.98894047619048
00:03:50,97.6312,87.0264,92.8607,101.133,90.0974,101.633,92.84551666666667,94.83713095238096
00:03:55,95.4064,86.5921,92.3746,102.041,89.8032,101.895,91.9819,94.46127142857142
00:04:00,93.8603,87.6148,91.7283,101.372,89.0012,102.041,91.26275000000001,94.01824285714285
00:04:05,93.0552,89.5664,92.314,100.954,88.7574,102.075,91.35650000000001,93.93232857142858
00:04:10,94.6012,90.4071,93.5941,101.278,89.2846,102.778,92.25633333333333,94.51269047619049
00:04:15,95.8476,90.2084,94.0139,101.495,89.9936,103.448,93.11204999999998,95.22668571428571
00:04:20,95.7692,90.7208,93.2984,101.839,90.3582,103.448,93.30971666666666,95.50425238095238
00:04:25,95.9236,91.4634,92.3381,102.041,90.7273,103.652,93.25225,95.57739285714285
00:04:30,95.7692,91.4634,92.2222,102.041,91.1885,104.163,93.19665,95.67042857142856
00:04:35,95.9211,91.2892,92.7353,102.041,91.6587,104.389,93.2334,95.8106
00:04:40,95.8501,90.2003,93.7247,102.041,91.9392,103.636,93.28678333333335,95.85708333333335
00:04:45,94.6703,88.4385,94.3396,102.228,92.0245,103.929,92.87058333333334,95.62588333333335
00:04:50,93.0993,87.8571,95.255,102.578,92.0245,104.201,92.27663333333334,95.37129047619048
00:04:55,91.972,88.73,96.6332,102.67,92.2472,103.765,92.25776666666667,95.39627380952379
00:05:00,91.7821,89.5787,97.6129,102.32,91.2177,103.632,92.71815000000001,95.54264999999998
00:05:05,91.7911,89.6172,99.0918,102.041,88.7639,103.333,93.24563333333333,95.51947619047618
00:05:10,90.807,89.4611,100.362,102.041,88.9619,103.796,93.52169999999998,95.50788571428572
00:05:15,89.3196,89.6217,101.279,101.581,89.3257,104.167,93.47506666666666,95.54808095238096
00:05:20,88.1511,89.2464,101.964,101.059,87.6901,104.167,93.26363333333335,95.2927761904762
00:05:25,88.7762,89.9466,101.674,101.174,86.6545,104.167,93.29305,95.08971428571428
00:05:30,90.2265,91.4612,100.989,101.166,86.462,103.545,93.84558333333334,95.28094047619047
00:05:35,90.8066,91.6883,100.471,99.5098,87.531,103.333,94.27376666666669,95.40978095238097
00:05:40,91.2284,92.0912,99.1552,98.0392,87.6069,103.757,94.24011666666667,95.26413095238097
00:05:45,92.4238,92.3608,98.949,97.8279,83.9691,103.47,94.36806666666666,94.97247380952382
00:05:50,93.243,92.6695,98.7552,96.9769,84.213,102.955,94.73355000000001,94.80573571428572
00:05:55,92.8472,94.0669,96.9121,95.6878,87.01,102.701,94.74898333333334,94.82396904761904
00:06:00,92.5926,95.8491,95.5816,95.2898,85.5312,102.007,94.64158333333336,94.66853333333333
00:06:05,91.7778,97.4067,94.0792,95.2657,85.7983,101.652,94.54783333333336,94.42333333333335
00:06:10,91.2974,98.0392,92.1016,93.4809,87.2093,101.997,94.11698333333334,94.16707619047621
00:06:15,91.6364,97.6901,92.0427,91.1667,87.2093,102.041,93.80123333333333,93.82243333333335
00:06:20,91.2952,96.7709,93.0909,90.3614,87.2093,101.805,93.75436666666666,93.55911666666665
00:06:25,91.771,95.4989,92.0118,88.0565,87.2093,101.12,93.40645,93.07236428571429
00:06:30,93.2285,93.4107,90.6265,85.8787,87.9091,100.671,92.7579,92.35055714285716
00:06:35,93.3199,91.8158,90.3614,85.819,89.2146,100.031,92.12713333333332,91.89574761904763
00:06:40,91.8799,91.4155,90.889,84.4828,89.8204,99.3644,91.61358333333334,91.5457761904762
00:06:45,91.2239,91.0055,92.3178,83.5102,90.2907,99.16,91.45526666666666,91.30504523809523
00:06:50,92.4055,90.3038,93.4845,83.5912,90.9858,98.9404,91.79016666666666,91.48568809523809
00:06:55,93.8716,89.6129,92.6023,83.184,91.7399,99.0789,92.04676666666666,91.70673809523808
00:07:00,94.5825,88.8971,90.4035,83.0755,93.603,98.9718,91.66165,91.63902142857143
00:07:05,94.5594,87.8873,88.5053,83.1042,94.6477,98.6842,90.80585,91.3238
00:07:10,94.9453,88.8736,87.4337,82.674,94.557,98.6842,90.36743333333334,91.09219761904762
00:07:15,96.2412,90.1645,87.9817,82.6416,94.9766,98.6842,90.94,91.40982857142856
00:07:20,96.6879,89.6856,89.0199,82.6266,95.4782,98.7679,91.63013333333333,91.87258333333332
00:07:25,95.8295,89.0598,89.1995,82.1936,96.2663,99.0946,91.58036666666666,91.93358095238095
00:07:30,94.7819,88.2176,87.6601,82.2086,96.7742,99.3377,90.7914,91.58615714285715
00:07:35,93.4731,87.0456,85.4074,81.7388,96.5583,99.0633,89.43095000000001,90.79489285714287
00:07:40,92.7997,86.386,84.599,80.637,96.5279,98.7365,88.28513333333333,89.96734761904763
00:07:45,92.963,87.3176,85.8997,80.2139,97.1964,98.6842,88.32749999999999,89.90113571428572
00:07:50,92.6996,88.9581,87.4276,80.2139,98.1818,98.6223,89.21093333333334,90.4857119047619
00:07:55,91.9648,89.2941,86.6124,80.2415,98.3617,98.2998,89.49276666666667,90.70450952380952
00:08:00,91.2417,88.6277,84.2472,80.4571,98.543,98.0392,88.66465,90.23282142857144
00:08:05,91.9312,88.5527,84.2472,80.7847,99.571,98.2792,88.14128333333333,90.05746190476191
00:08:10,93.9548,89.4503,84.2472,81.0026,100.383,98.4314,88.73056666666668,90.5926023809524
00:08:15,95.3044,90.6981,84.2472,81.0811,100.609,98.3888,89.65033333333335,91.22132619047619
00:08:20,95.2511,91.6387,84.2472,81.0811,100.274,98.8859,90.23111666666668,91.5834880952381
00:08:25,94.5358,92.0245,78.6536,81.3063,100.33,99.3377,89.39181666666667,91.16782380952381
00:08:30,93.8093,90.7537,79.6562,82.4324,100.935,99.0476,88.23884999999999,90.66427142857142
00:08:35,93.2287,89.5404,81.1394,83.5102,101.49,98.9404,88.02128333333333,90.75184761904761
00:08:40,92.2065,89.7092,82.7807,84.1379,101.465,99.2306,88.10081666666667,90.97004523809524
00:08:45,92.1588,89.8204,84.3619,85.3978,100.657,99.2541,88.50625000000001,91.29945714285716
00:08:50,93.6376,90.0671,87.2078,85.5231,100.413,98.9017,89.54226666666668,91.89177380952383
00:08:55,94.899,89.7168,89.237,85.0443,100.671,98.0178,90.79421666666667,92.49461666666667
00:09:00,95.1592,88.4504,89.5195,85.4237,100.96,97.4026,91.16365,92.63061428571429
00:09:05,95.2415,86.9939,90.3312,85.1719,101.3,97.2216,90.94928333333333,92.50529047619047
00:09:10,95.5414,86.8361,89.8677,84.9153,101.351,97.6764,90.80196666666666,92.43228095238095
00:09:15,95.0971,87.8331,88.0063,85.3747,101.351,99.5316,90.53028333333334,92.46016190476192
00:09:20,94.528,88.5088,87.0414,86.185,101.313,99.0769,90.16911666666667,92.44179523809524
00:09:25,95.5887,89.0511,88.0911,86.7052,100.973,96.5464,90.46818333333334,92.46749761904762
00:09:30,96.4715,89.491,89.521,86.8383,101.623,94.262,91.36906666666667,92.70717380952381
00:09:35,96.6158,89.7583,90.3878,87.0903,102.657,93.0832,92.0409,92.9915
00:09:40,97.0769,89.8992,91.3881,87.2093,102.947,95.0188,92.52101666666667,93.44098095238095
00:09:45,96.8531,90.7208,91.333,87.2093,102.856,96.4293,92.87851666666666,93.90698809523809
00:09:50,96.3947,91.9061,90.4083,87.3113,102.207,94.8638,92.93599999999998,93.88319285714284
00:09:55,97.4291,92.4706,90.6734,87.5746,102.68,92.2527,93.2137,93.75707142857141
00:10:00,98.1767,92.3784,92.1826,87.9856,103.836,90.4923,93.88513333333334,93.99301904761904
00:10:05,97.0148,91.2628,93.3356,88.2353,103.833,91.3228,94.05848333333333,94.15520476190477
00:10:10,96.044,91.0799,93.4565,88.8264,103.202,92.8617,93.69893333333333,94.13376190476191
00:10:15,95.9581,91.5991,92.3546,90.721,102.822,93.1493,93.41536666666667,94.20752380952382
00:10:20,96.4814,91.1545,91.3362,92.0245,102.893,93.7052,93.14731666666668,94.32096666666666
00:10:25,96.5211,90.9091,91.2971,92.0245,103.345,95.0967,92.9499,94.47772142857141
00:10:30,95.3629,89.9193,91.4634,91.4768,103.949,95.1451,92.57881666666665,94.40483095238093
00:10:35,93.5741,88.8435,91.4634,90.1074,104.575,94.5904,91.77109999999998,93.8580357142857
00:10:40,92.077,89.0496,90.5948,89.2857,104.189,95.0631,90.93373333333332,93.23431904761904
00:10:45,90.4094,90.4027,88.6265,90.463,103.759,95.4132,90.19333333333333,92.83711904761904
00:10:50,90.1751,90.0043,86.6206,91.9982,103.862,95.561,89.3731,92.57437142857141
00:10:55,91.3312,87.7045,87.1432,92.3535,103.569,95.8672,88.82981666666666,92.41781666666665
00:11:00,91.2883,86.3245,88.9109,93.6437,103.572,95.904,88.78376666666665,92.51282380952381
00:11:05,89.0592,85.9961,88.7425,93.229,104.001,96.4777,88.38691666666665,92.42305238095238
00:11:10,87.052,87.1659,85.1013,91.8115,104.601,97.7724,87.18616666666665,91.81299523809523
00:11:15,86.6226,88.4411,81.9672,92.6347,104.895,97.753,86.05834999999999,91.28102857142855
00:11:20,85.7889,88.7701,81.9998,93.1677,104.566,96.7083,85.59828333333334,91.03649761904762
00:11:25,85.6348,89.0342,82.4527,93.7255,103.932,97.8154,85.61341666666667,91.05873095238093
00:11:30,85.3911,89.2857,84.546,93.1451,103.537,100.187,86.05741666666665,91.48580952380951
00:11:35,83.8064,89.1906,87.2961,91.5578,103.448,101.29,86.58598333333333,91.8466261904762
00:11:40,82.8729,88.9307,88.5653,91.3269,103.163,102.754,86.77699999999999,91.98255
00:11:45,82.6266,89.2931,89.2421,92.3565,102.145,104.801,86.92178333333332,92.28004761904762
00:11:50,82.645,89.8204,89.9294,93.389,101.726,104.801,87.25943333333332,92.66385476190476
00:11:55,82.645,89.5541,90.5234,93.9649,101.726,104.801,87.51954999999998,92.89744999999999
00:12:00,82.645,88.7615,91.7537,94.7596,101.887,100.723,87.64711666666665,92.78845952380952
00:12:05,82.645,88.4901,93.4242,95.6767,102.551,99.7831,87.95325,92.78617142857142
00:12:10,82.645,89.0828,93.3198,96.7582,102.74,99.0834,88.26781666666668,93.05249523809523
00:12:15,82.645,89.7773,91.3296,97.6169,102.74,99.3709,88.13325,93.09824285714285
00:12:20,82.645,90.5215,89.2661,97.9552,102.74,101.284,87.69741666666667,93.09188095238095
00:12:25,82.645,90.1234,89.5829,98.1321,102.74,103.085,87.46398333333332,93.26058333333333
00:12:30,82.645,89.6473,91.4882,98.4546,102.429,103.151,87.68863333333333,93.53576904761904
00:12:35,95.0292,90.1592,92.2186,98.6842,102.329,103.034,90.19791666666666,94.97608095238094
00:12:40,95.6378,90.3614,92.0078,98.6842,102.639,102.812,92.56899999999999,96.33817142857143
00:12:45,95.3338,89.5851,89.6825,98.6842,102.74,100.822,92.1014,95.94232857142856
00:12:50,94.6154,88.7831,87.5357,98.6842,102.595,96.8919,90.9226,94.84272142857142
00:12:55,94.717,88.6885,86.4565,98.7522,101.901,97.9577,90.1327,94.13168571428572
00:13:00,94.4172,88.4274,83.9893,99.0789,101.351,100.498,89.44931666666668,93.93809523809524
00:13:05,93.071,89.1963,85.2325,99.6689,101.066,100.135,89.05561666666668,93.87448095238096
00:13:10,92.4772,90.1036,87.0735,100.0,100.726,100.989,89.52568333333335,94.19931190476191
00:13:15,92.7607,89.8075,85.1266,100.0,100.826,101.259,89.55818333333335,94.3046761904762
00:13:20,92.308,89.1613,85.6814,100.0,100.892,100.946,89.14091666666667,94.07502380952381
00:13:25,92.0245,88.07,87.9651,100.067,100.071,101.038,89.20171666666667,94.04483809523809
00:13:30,91.0371,87.9644,88.9019,100.403,99.3377,103.606,89.32716666666667,94.22428809523811
00:13:35,90.0865,89.2791,88.8873,100.671,99.3377,102.673,89.35938333333334,94.35024761904765
00:13:40,90.1796,90.4605,87.6985,100.949,99.3377,102.673,89.43191666666667,94.3640523809524
00:13:45,90.0281,90.9091,87.201,101.507,99.3377,102.673,89.41279999999999,94.41284285714286
00:13:50,90.5564,90.7623,88.1173,101.757,99.3377,98.8235,89.5957,94.30010714285714
00:13:55,91.7077,90.5455,88.9118,101.633,99.3222,98.621,90.10016666666667,94.30683809523809
00:14:00,92.4405,90.6922,89.7935,101.823,98.6729,98.323,90.68186666666665,94.56071666666665
00:14:05,92.963,91.4044,89.6765,102.424,98.0392,98.4314,91.16168333333333,94.7862119047619
00:14:10,93.4589,91.7982,88.3208,103.068,97.1457,97.7328,91.27029999999999,94.7859642857143
00:14:15,93.75,91.1411,86.6521,103.423,95.5944,96.7413,90.85351666666665,94.32380952380953
00:14:20,94.2788,89.4103,86.3542,103.233,94.8943,96.5236,90.26441666666666,93.75178095238095
00:14:25,95.6006,88.4734,87.3479,103.034,94.0097,96.7742,90.2442,93.60159999999999
00:14:30,96.8981,88.7344,87.7306,103.151,92.9492,96.5533,90.7975,93.77510000000001
00:14:35,97.4026,88.8679,86.0145,103.034,92.795,96.2432,90.94135,93.73260714285715
00:14:40,97.6343,89.3994,85.2927,103.134,92.8148,95.9579,90.76856666666669,93.58053095238097
00:14:45,98.1152,89.5873,87.2668,103.448,91.8396,95.0508,91.21594999999999,93.71233571428573
00:14:50,98.7137,89.0426,89.2897,103.448,90.9091,94.6214,92.00254999999999,93.95266428571428
00:14:55,99.5611,88.5714,88.798,103.448,90.9091,94.92,92.32941666666666,94.06363809523809
00:15:00,100.365,88.8487,87.0666,103.618,90.969,94.5688,92.20179999999999,94.00337857142857
00:15:05,100.671,89.2857,87.1013,103.977,91.2461,93.6843,92.22305,93.98911428571428
00:15:10,100.435,89.414,88.2948,104.167,90.9653,93.1677,92.53363333333334,94.10546190476191
00:15:15,99.6052,89.6048,89.7633,104.161,90.4143,93.4123,92.85285,94.22217142857144
00:15:20,98.4364,89.2123,90.0,103.802,90.4294,93.7034,92.77033333333334,94.14893333333336
00:15:25,97.6318,89.3926,89.5801,103.756,90.7032,93.9161,92.37553333333334,93.95102619047621
00:15:30,97.4026,90.3217,89.6108,103.862,89.9107,94.4907,92.32326666666667,93.94463095238098
00:15:35,96.6432,90.8835,90.2994,103.362,88.6845,93.7459,92.52686666666668,93.87648095238096
00:15:40,96.412,91.8721,90.999,103.034,88.4024,92.7996,92.85153333333332,93.77433333333332
00:15:45,97.5981,92.5926,91.0714,103.075,88.5527,93.0872,93.42419999999998,94.02460714285712
00:15:50,98.3932,91.8275,90.1045,102.565,88.5318,93.2096,93.59788333333333,94.12888333333333
00:15:55,97.9665,90.3836,90.0195,101.329,88.2708,93.5008,93.11580000000001,93.7381
00:16:00,95.0147,89.4953,90.8312,100.96,88.0892,94.2627,92.28513333333333,93.19239761904761
00:16:05,92.0,89.0554,91.2841,101.3,87.0751,94.6769,91.28011666666667,92.61463095238095
00:16:10,91.2143,88.9286,92.7045,100.711,87.3645,94.459,90.86448333333334,92.32159761904762
00:16:15,91.2594,89.1589,92.3523,99.4639,88.4804,94.3068,90.93633333333334,92.30544761904761
00:16:20,92.2747,89.2857,90.5704,99.0789,87.8321,93.7208,90.8169,92.10129285714285
00:16:25,92.9359,89.961,90.092,98.9927,87.4725,92.7287,90.85328333333334,91.90371190476192
00:16:30,92.795,91.3509,90.1796,98.1459,86.8919,92.2889,91.21906666666666,91.87665238095241
00:16:35,93.0328,92.5522,91.477,97.6987,85.7083,92.3926,91.89791666666666,92.02211666666668
00:16:40,93.8005,92.8157,92.3926,97.5524,85.5331,92.2608,92.67846666666665,92.3266880952381
00:16:45,95.0726,92.8594,91.9964,96.4537,87.2429,92.2699,93.1562,92.61160000000001
00:16:50,96.5076,92.7812,91.6074,93.8084,89.1654,92.554,93.47076666666666,92.80431666666667
00:16:55,97.6244,92.6192,91.1619,92.2608,89.6899,92.5153,93.71695,92.83781428571429
00:17:00,98.0753,93.5335,91.122,92.0937,89.8204,92.2313,94.02271666666667,92.91379523809525
00:17:05,98.3978,93.7162,91.7877,91.3595,90.0476,92.2995,94.43875,93.09728571428572
00:17:10,99.5744,93.1677,92.3337,91.2461,90.6003,92.7767,94.82958333333332,93.35474047619047
00:17:15,100.568,93.3098,90.5921,90.0043,91.1391,93.6467,94.92428333333332,93.48624761904762
00:17:20,101.201,93.3055,87.9201,88.3902,91.1308,95.1925,94.48275000000001,93.2404
00:17:25,101.996,92.0341,87.4514,88.2833,91.153,95.806,93.98468333333332,92.98809047619048
00:17:30,101.752,91.4044,88.6984,88.5444,91.9142,95.5414,93.88938333333333,93.0255261904762
00:17:35,100.957,92.6381,91.0847,87.4915,92.7996,95.3527,94.42243333333333,93.35880476190476
00:17:40,100.026,94.3359,92.1454,85.9699,93.1677,95.0504,95.19784999999999,93.67247142857144
00:17:45,99.6107,96.3489,91.5808,85.6912,93.4565,94.9657,95.67461666666665,93.83559523809522
00:17:50,99.7351,97.4026,91.5105,84.9689,94.8243,95.2681,96.03143333333333,94.10186904761903
00:17:55,98.9231,96.8731,91.7911,84.2697,96.1923,95.2874,96.03925000000001,94.22319285714286
00:18:00,97.2177,95.8836,92.0245,84.2697,96.3871,95.1592,95.45218333333332,93.94163333333333
00:18:05,96.4963,95.2817,91.8674,84.2697,96.5335,95.3165,94.7952,93.59266428571428
00:18:10,96.5062,95.3406,91.6564,84.4506,97.3966,95.0767,94.52476666666666,93.51726666666666
00:18:15,96.5806,95.5414,91.8136,84.8552,98.2742,93.699,94.57313333333333,93.59552619047616
00:18:20,97.4089,95.2923,91.7597,85.3966,98.6068,92.5926,94.73275000000001,93.66331428571428
00:18:25,98.2353,94.3336,91.8359,85.9468,98.6842,92.5926,94.81094999999999,93.73622857142857
00:18:30,98.3075,92.8138,92.5793,85.7898,98.7208,92.5926,94.68423333333334,93.70004761904764
00:18:35,98.0392,91.1825,93.3823,85.0731,99.0476,92.5926,94.3841,93.49209285714286
00:18:40,97.81,90.8772,94.0613,84.7458,99.3377,92.5926,94.22541666666666,93.37090952380953
00:18:45,97.3384,91.7805,94.5737,85.0944,99.3377,92.9259,94.40684999999999,93.5206357142857
00:18:50,96.8581,92.1951,95.0294,85.5787,99.4993,93.5046,94.6292,93.78387142857142
00:18:55,96.3871,91.8212,95.3963,85.7143,99.9271,93.7595,94.61453333333333,93.92141190476191
00:19:00,97.0965,90.0888,95.5366,85.4903,100.465,94.3528,94.38775000000001,93.91507142857142
00:19:05,98.543,88.7574,94.9357,85.2468,101.044,94.9367,94.15966666666667,93.91520952380952
00:19:10,99.571,88.9232,95.0073,85.3837,101.351,94.6472,94.28960000000001,94.06615714285712
00:19:15,100.383,89.4547,95.4717,86.8877,101.104,94.1151,94.80181666666667,94.42165952380951
00:19:20,100.548,88.5462,95.067,88.2353,100.764,94.1061,94.91176666666667,94.60759523809523
00:19:25,99.8818,87.0894,95.8198,86.9463,100.788,94.0637,94.49203333333334,94.34569047619047
00:19:30,96.8987,87.0277,97.0809,86.9463,101.128,94.3564,93.96638333333334,93.9971261904762
00:19:35,95.0382,87.9529,96.7027,86.9463,101.351,95.1123,93.45018333333334,93.81726904761906
00:19:40,96.0268,88.9856,96.3891,86.9463,101.688,95.2858,93.51588333333333,93.96119761904762
00:19:45,96.6055,89.3888,97.2328,85.6331,102.312,96.3373,94.10476666666668,94.36004523809524
00:19:50,96.7742,89.6429,97.2177,87.4806,102.894,97.6903,94.47698333333332,94.86879761904763
00:19:55,96.4715,89.5038,95.8334,88.8293,103.318,98.228,94.24058333333332,95.16891904761904
00:20:00,95.7183,89.0638,93.6169,90.5285,103.338,98.7326,93.36795000000001,94.99414285714285
00:20:05,94.9637,88.9286,91.756,91.3636,103.034,99.1626,92.34121666666668,94.63493095238096
00:20:10,94.7937,89.2279,91.027,92.6799,103.145,99.3536,91.78281666666669,94.5000880952381
00:20:15,96.1652,89.901,90.6002,93.75,103.448,99.6848,91.9525,94.83437857142857
00:20:20,97.7082,89.494,89.7198,94.2014,103.744,100.285,92.26473333333334,95.23079047619048
00:20:25,98.0265,88.197,88.8009,95.1731,103.862,100.843,91.99106666666668,95.28835952380952
00:20:30,98.2043,87.5088,88.3343,95.9236,103.566,101.234,91.51196666666667,95.1926738095238
00:20:35,98.6236,87.4847,87.6772,96.464,103.575,101.351,91.30548333333331,95.18267619047617
00:20:40,99.1664,88.4673,88.5264,96.5385,103.934,101.387,91.65759999999997,95.46502142857142
00:20:45,100.063,89.5178,90.5949,96.3871,104.132,101.732,92.72263333333332,96.13511904761904
00:20:50,102.237,89.7783,91.6123,96.6228,103.419,101.732,93.96721666666667,96.84018809523809
00:20:55,104.256,88.7278,91.1198,96.7842,103.688,101.732,94.62186666666668,97.21092380952382
00:21:00,104.368,87.5479,89.3574,97.0984,104.498,101.732,94.22948333333335,97.09774761904762
00:21:05,103.428,87.7595,88.6616,97.6572,104.053,103.162,93.52040000000001,96.88312857142857
00:21:10,102.716,89.2519,90.0,98.1613,103.904,103.616,93.63616666666667,97.11734523809524
00:21:15,103.304,90.6265,91.8114,98.5475,104.478,101.588,94.6183,97.66008571428571
00:21:20,103.373,90.3744,91.3095,98.6378,104.797,103.001,95.13313333333332,98.00816904761903
00:21:25,100.826,89.4911,89.2076,98.3153,104.073,104.537,94.09693333333333,97.58118333333334
00:21:30,98.563,88.9413,87.799,98.3359,103.799,104.895,92.47133333333333,96.69470476190477
00:21:35,98.2895,89.2634,87.2093,98.8885,104.458,104.368,91.67758333333333,96.29750476190478
00:21:40,98.1599,89.9615,88.281,99.0789,104.583,104.056,91.86076666666668,96.45132380952381
00:21:45,97.0303,90.0266,90.1498,99.0331,104.283,104.583,92.26818333333333,96.69731904761903
00:21:50,95.5209,89.3284,91.4458,99.5263,104.032,104.793,92.25029999999998,96.73234285714284
00:21:55,94.4763,88.2716,91.1531,100.0,103.908,104.429,91.69935000000001,96.44879285714285
00:22:00,94.4791,87.6077,89.4103,99.1373,104.718,104.167,90.89968333333333,95.96834047619046
00:22:05,95.7819,87.5701,87.7363,99.2432,104.842,104.167,90.43090000000001,95.69440714285714
00:22:10,97.3151,88.7655,86.3639,100.944,104.505,104.167,90.58880000000002,95.89847142857144
00:22:15,97.3915,90.7637,86.9143,101.362,104.583,103.925,91.25233333333333,96.39319047619048
00:22:20,97.7791,91.8658,88.3293,99.8657,103.794,103.566,92.17395,96.74909285714284
00:22:25,99.0609,92.2385,88.4046,98.6842,103.167,103.448,92.94636666666668,96.8639880952381
00:22:30,99.2175,93.1012,87.485,98.9665,103.044,103.517,93.25128333333333,96.91692619047619
00:22:35,98.9404,95.2137,87.1392,98.4525,102.621,103.876,93.51616666666666,97.04330952380951
00:22:40,99.0606,97.6589,87.7722,97.4782,102.835,104.167,94.29749999999999,97.41497857142856
00:22:45,98.7248,98.8192,88.2046,97.6698,103.105,103.848,95.04004999999998,97.81595714285713
00:22:50,96.3218,99.0411,89.1293,98.0392,103.034,103.231,95.04013333333333,97.80343333333333
00:22:55,93.4816,99.577,90.2515,97.1267,102.927,103.034,94.63371666666669,97.46154523809525
00:23:00,91.8813,100.37,90.6666,97.3302,102.294,103.011,94.37133333333335,97.19239761904763
00:23:05,90.8463,101.296,90.4671,98.892,101.844,102.541,94.25455,97.1391857142857
00:23:10,92.4127,101.23,90.0519,99.1404,101.191,102.449,94.38399999999999,97.22352857142856
00:23:15,94.2124,100.632,90.2602,98.5695,101.044,102.371,94.79986666666667,97.36884523809525
00:23:20,92.4513,101.282,90.4085,99.098,101.041,102.041,94.8744,97.36855
00:23:25,92.4513,102.162,89.6257,100.295,100.946,102.287,94.73013333333333,97.3963619047619
00:23:30,92.4513,101.918,88.6849,100.4,101.256,102.449,94.54886666666667,97.43028095238097
00:23:35,92.4513,102.4,87.6355,100.105,101.232,102.079,94.25683333333333,97.25540476190477
00:23:40,89.9078,102.282,87.1765,100.0,100.733,101.633,93.64218333333335,96.77996190476192
00:23:45,93.5217,100.893,87.7867,99.9421,99.5187,101.757,93.59461666666667,96.59576666666666
00:23:50,97.4854,100.826,88.5068,99.2842,98.3798,101.696,94.83659999999999,97.09075714285714
00:23:55,99.4921,101.166,88.4003,98.9692,98.0573,101.074,95.97943333333333,97.52114047619048
00:24:00,99.4464,101.292,87.7996,99.2959,97.7255,100.734,96.26606666666666,97.57031666666666
00:24:05,98.7744,100.616,87.3827,99.0417,97.093,100.818,95.88518333333332,97.27068333333332
00:24:10,96.5739,99.706,88.6971,98.3924,96.7643,100.908,95.29168333333331,96.81077619047619
00:24:15,96.1598,98.7169,90.6126,98.0418,96.1479,100.095,95.07771666666666,96.4979380952381
00:24:20,97.6346,98.294,91.0843,98.3643,95.7741,99.3377,95.41703333333334,96.50693333333334
00:24:25,97.9628,99.04,90.7449,98.1767,95.465,99.0659,95.79343333333334,96.60936904761905
00:24:30,97.8419,98.7765,89.5787,97.8947,94.4742,98.9404,95.65746666666666,96.37690238095237
00:24:35,97.2094,98.0392,88.4528,98.4023,94.481,99.3474,94.98308333333334,95.95747619047619
00:24:40,96.7742,98.2972,88.3228,98.6429,94.0805,99.7351,94.51593333333334,95.77261904761905
00:24:45,98.1161,97.5254,89.7225,98.3204,94.2113,99.6,94.79303333333333,95.92389047619048
00:24:50,100.156,95.3411,91.1685,98.6262,95.5438,99.6689,95.33826666666667,96.33405238095239
00:24:55,100.95,93.3965,91.1019,99.5059,95.7692,99.7351,95.35233333333335,96.54769761904763
00:25:00,100.946,92.887,90.6497,99.4131,95.9015,99.2105,94.98851666666668,96.38881666666667
00:25:05,101.098,94.4949,90.7163,98.7099,93.4662,98.9404,95.13198333333335,96.19267619047619
00:25:10,101.351,95.2611,93.1697,98.8651,90.57,99.0789,96.01516666666666,96.26798809523808
00:25:15,101.351,93.6464,93.1697,99.3377,89.5977,98.9561,96.32481666666666,96.21457380952378
00:25:20,100.185,92.5926,93.1697,99.058,86.7899,98.0742,95.68573333333333,95.52139047619048
00:25:25,98.3766,91.0979,93.1697,98.9404,84.9518,97.2071,94.76525,94.51024285714286
00:25:30,97.4133,90.2113,93.1697,99.0789,84.8726,96.8622,93.90641666666666,93.79745238095238
00:25:35,96.6234,90.8709,98.0392,98.8698,84.1969,96.3414,94.38796666666667,93.95182380952382
00:25:40,95.8476,89.3208,98.3127,98.6842,84.038,94.5382,94.83576666666667,93.95390238095237
00:25:45,94.875,87.7193,98.4314,99.011,84.2697,93.1677,94.08446666666667,93.31318095238095
00:25:50,93.8442,87.7193,97.525,99.0789,84.3097,93.5568,93.35236666666667,92.87233809523808
00:25:55,93.3238,87.7193,95.7277,98.9404,84.5477,93.363,92.64321666666666,92.4958738095238
00:26:00,93.1677,87.7193,93.9248,99.0789,84.9268,91.5708,91.93043333333333,91.99079047619048
00:26:05,92.9124,87.7193,93.1677,98.9404,85.1676,90.3614,91.43519999999998,91.53767857142856
00:26:10,92.795,87.7193,93.6701,99.0606,85.2273,90.9735,91.33063333333334,91.45541904761905
00:26:15,92.963,81.3612,94.4638,99.0293,86.1549,90.5484,90.4954,91.06837142857142
00:26:20,92.7997,83.0021,94.5474,98.7025,87.2887,87.9642,89.8562,90.60982857142858
00:26:25,93.4731,85.316,94.3396,98.5191,87.7575,88.9403,90.57965000000002,90.98639285714285
00:26:30,94.3396,88.7399,94.7963,98.1966,88.6529,91.6677,91.83408333333335,92.02905476190476
00:26:35,94.6184,91.2032,95.3972,98.0808,89.5124,91.7118,93.18243333333334,93.09154761904762
00:26:40,95.283,92.125,95.3193,98.73,90.2003,91.2303,93.99101666666667,93.67098095238094
00:26:45,95.9113,93.2808,94.4236,97.1986,91.0625,90.9091,94.39049999999999,93.88962857142857
00:26:50,95.8599,95.3589,93.4682,94.6995,91.4634,91.3463,94.71711666666667,93.88688095238096
00:26:55,95.9876,97.5611,93.375,94.3396,91.4634,91.12,95.26845,94.0414142857143
00:27:00,96.5917,99.749,93.8942,94.2072,91.625,89.6069,96.19309999999999,94.42192142857144
00:27:05,96.5684,101.791,94.6635,94.2072,91.8293,88.7574,97.20963333333333,94.85071904761905
00:27:10,95.6497,102.422,95.628,94.2072,91.6677,89.5923,97.78710000000001,95.18270714285714
00:27:15,95.5209,102.893,96.1538,94.2072,91.1973,89.596,98.04456666666667,95.3445880952381
00:27:20,95.9115,103.057,96.3524,94.2072,91.0976,87.6902,98.31476666666666,95.32240238095238
00:27:25,95.2212,102.09,96.9155,94.2072,91.3636,89.6041,98.25793333333333,95.30238333333334
00:27:30,94.2373,100.888,97.7165,88.9888,91.4214,90.9194,97.84475,94.94732142857144
00:27:35,93.75,100.353,98.4185,90.3422,88.7931,89.747,97.56055,94.33545000000001
00:27:40,93.2315,100.163,98.9979,90.9091,86.2069,91.4431,97.48564999999999,94.09475714285713
00:27:45,92.4824,99.3671,98.8364,91.1685,86.564,90.6979,97.17971666666665,93.88765952380952
00:27:50,92.8411,99.058,97.0679,92.3431,88.1034,90.012,96.60881666666666,93.69710238095237
00:27:55,95.1926,99.9618,94.6187,93.904,86.8496,91.2597,96.45668333333332,93.8660904761905
00:28:00,95.1926,100.132,93.0278,94.7699,85.7273,91.0376,96.35424999999998,93.8844357142857
00:28:05,95.1926,99.6859,92.8663,95.2657,88.6554,92.2861,96.0162,93.99082857142855
00:28:10,95.1926,99.6253,93.1539,96.5805,88.2382,93.75,95.95276666666666,94.45700238095239
00:28:15,95.1926,99.2,92.8473,98.0255,87.5511,93.75,95.86861666666668,94.63173095238096
00:28:20,95.1926,99.4211,91.9952,98.9472,89.3578,93.9256,95.64146666666667,94.76349523809526
00:28:25,95.1926,100.309,91.4634,100.067,89.8398,94.5287,95.59565,95.10223571428571
00:28:30,95.1926,100.644,91.888,100.677,90.1104,95.2487,95.7816,95.48031428571429
00:28:35,95.1926,100.491,92.4526,101.361,90.3614,96.0197,95.9768,95.82804285714286
00:28:40,95.1926,100.156,92.5023,101.754,90.3614,96.6361,95.99785,96.03402857142856
00:28:45,95.1926,100.0,91.9377,101.633,91.0664,96.6824,95.83019999999999,96.05534999999999
00:28:50,104.299,100.0,91.7013,102.084,91.0664,96.4022,97.18843333333334,96.88870476190476
00:28:55,102.933,100.314,92.4512,102.555,91.0664,96.8082,98.61641666666668,97.77953809523811
00:29:00,102.698,100.903,93.4344,102.788,91.0664,97.4026,98.78893333333335,97.9998619047619
00:29:05,101.647,100.886,94.1226,103.142,94.1248,97.5885,98.9485,98.40716428571429
00:29:10,98.3221,100.79,95.2395,102.761,94.1248,98.0229,98.5012,98.41240000000002
00:29:15,96.6484,102.0,96.3774,101.782,94.1248,98.4778,98.22956666666666,98.22355952380953
00:29:20,97.8146,103.605,96.8531,101.633,95.1641,98.6842,98.88308333333332,98.6378976190476
00:29:25,98.797,104.545,97.1613,101.757,95.6183,98.0895,99.79599999999998,99.23672142857143
00:29:30,98.6411,104.247,97.0029,101.544,95.9995,97.6703,100.06571666666666,99.3717380952381
00:29:35,96.5556,103.788,96.7742,101.376,96.1538,98.2489,99.50146666666667,99.07173095238096
00:29:40,93.9147,104.941,96.5285,101.721,97.419,98.9087,98.75033333333333,98.84500476190476
00:29:45,92.4174,106.524,95.4061,101.732,98.4314,98.9563,98.28861666666666,98.81980952380954
00:29:50,92.0825,106.756,93.9985,101.387,98.2895,99.3737,97.86408333333333,98.64875476190477
00:29:55,93.2812,105.278,93.9037,101.351,98.7686,100.285,97.54998333333333,98.56104761904763
00:30:00,92.3664,102.758,94.6334,101.351,99.5684,100.843,97.03678333333332,98.46151904761906
00:30:05,90.1977,100.665,94.717,101.297,100.0,101.234,95.88958333333332,97.95786190476191
00:30:10,89.9113,98.9403,94.1607,100.957,100.0,101.351,94.76533333333333,97.35440476190477
00:30:15,89.8204,98.0158,93.3997,101.0,100.0,101.351,94.04136666666666,96.92785238095237
00:30:20,90.3604,98.0662,92.5047,101.074,99.8199,101.351,93.69453333333334,96.72515476190475
00:30:25,90.7207,97.1842,93.2709,100.35,99.4887,101.351,93.68451666666667,96.63648095238096
00:30:30,89.6519,95.0685,94.3758,99.6098,99.2959,101.351,93.37866666666665,96.31969523809525
00:30:35,87.2386,93.2593,94.0841,99.2802,98.9692,101.351,92.27969999999998,95.57819285714285
00:30:40,85.2571,93.6635,94.1487,98.9535,98.6842,101.478,91.27521666666667,94.92270238095237
00:30:45,85.9714,95.7407,94.6501,99.6379,98.9116,101.691,91.57191666666668,95.13796666666669
00:30:50,88.2143,97.8911,95.409,100.631,98.9116,101.224,92.97943333333333,96.06018333333336
00:30:55,89.2857,99.7651,95.2292,100.478,98.9116,101.356,94.29906666666666,96.8503380952381
00:31:00,87.7857,100.976,93.9423,100.268,93.7521,102.329,94.49733333333334,96.64809761904762
00:31:05,86.6695,101.316,93.5287,100.524,92.3333,102.449,94.03636666666668,95.99616666666667
00:31:10,87.9053,101.905,92.6524,101.074,92.3333,102.329,93.99615,95.92941428571427
00:31:15,88.7574,102.823,92.25,101.351,92.3333,102.449,94.38218333333333,96.20907619047617
00:31:20,89.7532,102.894,93.3476,101.351,92.3333,102.329,94.97086666666667,96.56525238095237
00:31:25,90.8726,102.32,93.8558,101.569,102.162,102.438,95.5072,97.58856428571428
00:31:30,90.3864,102.041,95.0577,101.569,101.918,102.401,95.75558333333333,98.43583333333333
00:31:35,87.0231,102.638,97.2166,101.569,102.162,102.329,95.72713333333334,98.41179047619046
00:31:40,83.496,103.341,98.2805,100.623,102.74,102.449,95.33253333333334,98.18087619047618
00:31:45,82.9967,103.638,98.4202,99.6296,102.449,102.648,95.02873333333334,97.91203333333334
00:31:50,85.7531,103.862,99.2077,99.6296,102.1,103.474,95.64628333333333,98.22146190476191
00:31:55,87.3753,103.672,100.949,104.167,102.209,103.605,96.80318333333332,99.25786190476191
00:32:00,86.2487,103.448,102.041,103.917,102.449,102.649,97.289,99.8077142857143
00:32:05,85.8621,103.448,101.751,103.75,102.377,102.376,97.13313333333335,99.61307619047619
00:32:10,85.9744,103.448,101.862,104.14,102.84,103.006,97.05758333333334,99.6392619047619
00:32:15,87.5862,103.188,101.832,104.671,103.799,103.375,97.3151,100.02512857142855
00:32:20,89.394,102.833,100.059,104.826,103.282,103.116,97.48203333333333,100.20894761904762
00:32:25,89.2899,102.6,97.1287,104.102,102.684,102.516,96.88410000000002,99.68562857142857
00:32:30,89.5466,102.408,95.5414,103.448,103.376,102.405,96.08576666666667,99.08693809523808
00:32:35,90.5282,102.925,95.5414,103.448,103.862,101.957,96.08176666666665,99.08215238095238
00:32:40,91.0023,103.83,96.5285,103.23,103.75,102.007,96.7259,99.43294285714286
00:32:45,91.6818,103.516,98.5299,102.876,103.871,101.898,97.51475000000002,99.83928571428572
00:32:50,92.9149,102.803,99.9256,102.839,104.167,101.101,98.22853333333336,100.18430476190478
00:32:55,94.4236,102.538,101.523,103.151,103.853,100.807,99.02135000000001,100.57777142857144
00:33:00,95.0212,102.329,102.74,103.051,103.75,100.005,99.76246666666667,100.9083380952381
00:33:05,94.5112,102.612,103.015,103.077,104.063,99.7325,100.03806666666665,100.9987880952381
00:33:10,93.6224,103.228,103.815,103.716,104.02,99.3474,100.13393333333333,101.07338333333334
00:33:15,93.4402,104.224,104.445,104.092,103.75,99.2,100.46243333333334,101.27320476190476
00:33:20,92.7995,105.585,104.359,104.167,103.897,99.2879,100.80878333333334,101.49029761904762
00:33:25,91.125,105.443,103.93,104.167,104.167,98.8,100.54025,101.34342142857143
00:33:30,89.8247,104.624,102.523,104.167,104.167,99.2647,99.57828333333333,100.81135476190477
00:33:35,91.2112,104.767,100.039,104.178,104.167,99.2421,98.83148333333334,100.41697619047618
00:33:40,93.5647,104.507,99.2108,104.543,104.167,96.9304,98.88328333333334,100.30669761904761
00:33:45,94.4258,103.362,100.427,104.572,103.991,94.4622,99.24955000000003,100.19014285714287
00:33:50,95.0425,102.312,102.017,104.207,103.75,93.4578,99.59771666666668,100.0872666666667
00:33:55,94.4881,101.345,103.52,104.167,103.925,93.0859,99.78743333333333,100.06372619047619
00:34:00,93.75,100.951,103.734,104.167,104.167,92.2338,99.63135,99.91403571428569
00:34:05,93.9316,101.291,103.734,103.967,104.167,90.6098,99.56526666666667,99.70240952380951
00:34:10,94.5385,101.196,103.734,103.293,104.167,89.5209,99.73751666666666,99.54463095238094
00:34:15,95.4434,101.037,103.734,103.134,104.167,89.3114,99.94715000000001,99.51217857142856
00:34:20,94.8365,101.506,103.734,103.448,103.963,89.5787,100.04848333333334,99.57071190476191
00:34:25,93.2778,101.666,103.734,103.168,103.459,90.4447,99.79238333333333,99.45717619047619
00:34:30,92.4055,101.979,103.734,103.034,103.034,89.8694,99.46605,99.19553571428571
00:34:35,91.5635,102.416,103.734,102.989,103.151,87.0296,99.30533333333332,98.8249761904762
00:34:40,90.471,102.133,88.9034,102.418,103.066,87.3377,96.53681666666668,97.02041666666666
00:34:45,90.5367,101.778,90.5565,102.08,102.74,88.3877,94.06310000000002,95.60958571428571
00:34:50,91.5154,101.292,92.8345,102.429,102.74,87.6678,94.75218333333335,96.00442619047622
00:34:55,91.35,101.887,94.6083,102.084,102.74,89.1037,95.58120000000001,96.5295785714286
00:35:00,89.3208,102.029,95.8343,101.918,102.74,87.8354,95.83823333333333,96.65192619047619
00:35:05,88.1802,101.066,96.8482,102.573,102.911,86.4372,95.54641666666666,96.34185238095236
00:35:10,89.1291,99.0635,97.4026,102.74,103.624,87.8435,95.2816,96.31296428571427
00:35:15,90.2812,96.2087,96.7996,102.74,104.167,86.1958,94.81411666666666,96.13023095238094
00:35:20,92.0564,94.7408,95.7505,102.74,103.83,86.7307,94.30619999999999,95.77522142857143
00:35:25,92.9032,94.674,95.1984,102.74,103.75,88.5444,94.22054999999999,95.86425
00:35:30,91.9195,94.9367,95.6232,102.74,103.641,86.8069,94.20916666666666,95.8496880952381
00:35:35,90.166,95.1157,95.3556,102.74,103.17,88.8706,93.85278333333335,95.6279119047619
00:35:40,87.6693,94.8272,95.1886,102.536,103.151,89.9819,93.05373333333335,95.34852619047618
00:35:45,88.0848,93.2012,96.297,101.501,102.989,88.7881,92.54468333333334,94.95031904761905
00:35:50,90.641,92.3177,96.9806,99.6778,102.74,91.7052,92.92038333333333,95.05458333333331
00:35:55,91.9066,93.0185,98.5935,98.6842,101.747,91.5296,93.90965,95.52578571428569
00:36:00,93.1219,94.0057,99.6927,98.3695,99.7019,91.4557,95.05648333333333,95.85284047619047
00:36:05,93.1759,94.9937,100.335,96.6559,98.3445,93.1282,95.88748333333334,96.05396904761905
00:36:10,92.2043,95.1786,101.107,94.9417,97.7376,92.0058,96.16575,95.86712142857144
00:36:15,91.1155,93.8397,100.581,94.7815,96.7728,93.7674,95.67101666666667,95.38392380952381
00:36:20,89.5742,93.038,100.608,94.9367,95.8256,93.9775,94.79273333333333,94.88595476190474
00:36:25,88.2217,93.9744,101.863,92.2468,95.7913,93.268,94.54655,94.45845
00:36:30,88.9623,95.3165,102.057,90.7785,95.9236,94.7561,95.06581666666668,94.52077380952383
00:36:35,91.1344,95.4771,101.09,92.6852,95.3942,93.2903,95.67288333333335,94.87221190476193
00:36:40,92.6341,94.9367,98.6351,92.9815,94.3757,94.2887,95.65123333333334,94.87324761904763
00:36:45,93.4775,93.7606,95.9158,92.5926,94.0542,95.7712,94.89330000000001,94.51502142857143
00:36:50,93.9811,91.82,97.0263,92.8042,94.7963,93.76,94.33021666666667,94.1728738095238
00:36:55,94.7404,91.2594,98.6842,93.3543,95.2448,92.597,94.58523333333332,94.23131904761904
00:37:00,95.96,90.6813,97.8285,94.0162,95.1592,93.9918,94.85896666666666,94.5167880952381
00:37:05,97.4116,89.6951,96.075,94.3396,95.3116,94.0906,94.60858333333334,94.55554761904762
00:37:10,99.7615,88.9027,94.9891,94.3396,95.2439,92.4208,94.4725,94.39472142857142
00:37:15,101.351,87.0143,95.2904,94.3396,94.9415,91.4859,94.5515,94.22737857142856
00:37:20,101.123,87.7404,96.5911,94.4471,95.0746,89.853,94.8517,94.21109285714286
00:37:25,99.9982,90.064,97.9768,94.7456,95.3769,91.6378,95.58225,94.6995
00:37:30,97.8726,90.3614,98.1818,94.9367,95.5414,93.036,95.74246666666667,95.0867238095238
00:37:35,95.4913,90.3614,97.6077,94.9367,95.5414,92.2068,94.97936666666666,94.71670952380953
00:37:40,92.6655,90.1212,97.541,94.9367,94.527,93.5033,93.96468333333334,94.0978119047619
00:37:45,90.5932,90.459,98.1818,95.216,92.9413,92.8944,93.26028333333333,93.57864047619049
00:37:50,89.6715,91.3925,99.6777,96.1549,92.2222,93.2251,93.32928333333334,93.52058333333335
00:37:55,88.4337,91.3285,100.4,97.1085,92.3336,93.8559,93.48398333333333,93.76943333333334
00:38:00,89.2376,90.655,100.268,97.6674,92.3676,92.4841,93.38713333333334,93.77958333333333
00:38:05,91.185,88.2727,100.54,98.1818,89.6296,93.8923,93.35971666666667,93.65003809523809
00:38:10,91.5465,88.2727,100.522,98.5578,89.6296,95.5414,93.38981666666668,93.75364523809523
00:38:15,90.9202,88.2727,99.8712,98.8,86.2651,95.3068,93.23421666666668,93.56960238095238
00:38:20,90.3614,88.2727,100.361,99.4579,87.597,95.6357,93.00986666666667,93.36724523809525
00:38:25,90.3614,85.4585,101.068,99.3579,84.3232,96.4557,92.64716666666666,93.14319523809525
00:38:30,90.4556,86.5278,100.092,99.2,86.0246,95.8342,92.32721666666669,92.84380952380953
00:38:35,90.7428,86.0372,98.6369,99.8421,84.7059,95.555,92.08205000000001,92.7013
00:38:40,91.4802,85.1788,97.5,100.0,81.9415,95.2308,91.59598333333332,92.14594047619048
00:38:45,92.229,84.9255,97.9049,100.0,84.7059,94.6154,91.53639999999999,92.05605714285716
00:38:50,92.5131,85.5348,97.7598,100.0,84.1135,95.1801,91.81118333333333,92.36459761904763
00:38:55,92.5926,87.8245,95.0759,100.0,83.2941,94.3024,91.88345000000001,92.28269285714286
00:39:00,92.5926,90.3808,93.0363,100.0,86.2782,95.1835,91.91711666666667,92.45679523809524
00:39:05,92.8318,91.7086,92.9701,100.188,85.6444,95.986,92.25336666666666,92.95050238095237
00:39:10,93.9316,92.6327,91.5022,100.523,85.6236,95.0649,92.59616666666666,93.12851666666666
00:39:15,95.473,92.7242,90.9403,100.612,87.9036,96.3145,92.86733333333332,93.49859047619047
00:39:20,95.7212,92.2866,92.0374,100.277,88.0473,97.023,93.19711666666666,93.9824523809524
00:39:25,95.7212,92.4426,91.9676,100.0,88.2467,97.6986,93.36276666666666,94.15676666666667
00:39:30,95.7212,92.5926,92.8354,100.26,88.7574,98.6537,93.54676666666666,94.42789523809523
00:39:35,95.7212,91.8519,94.0212,100.4,88.9232,98.8594,93.79058333333332,94.72702619047618
00:39:40,95.7212,90.7053,94.125,100.268,89.4547,99.2947,93.69096666666664,94.76626666666667
00:39:45,95.7212,90.0,93.7466,100.53,90.0844,99.7775,93.33654999999999,94.72155
00:39:50,95.7212,89.4932,93.3517,101.074,89.8352,100.0,93.00565,94.66759285714286
00:39:55,95.7212,88.3721,93.1677,101.009,89.4402,100.627,92.63785,94.50630000000001
00:40:00,95.7212,85.6797,93.3983,100.949,90.5109,101.05,92.01003333333333,94.26188333333332
00:40:05,78.5878,82.3256,94.148,100.862,90.655,100.946,88.31009999999999,92.24669285714285
00:40:10,80.6419,83.9797,95.3425,100.541,90.1863,100.95,85.83758333333333,90.77435476190476
00:40:15,82.7255,83.9797,96.7256,100.968,90.6277,100.483,87.23248333333333,91.54399047619049
00:40:20,84.3797,83.9797,98.0588,101.308,90.5455,100.392,88.30816666666666,92.19925238095237
00:40:25,84.4015,83.9797,99.4869,100.632,90.9124,101.34,89.04771666666666,92.67940238095237
00:40:30,83.8636,83.9797,100.69,100.29,91.8519,102.024,89.40023333333332,93.01801190476189
00:40:35,84.614,83.9797,101.221,100.854,91.9791,101.826,89.72466666666668,93.33016666666667
00:40:40,82.012,83.9797,101.524,101.074,91.075,101.786,89.55506666666668,93.21675952380951
00:40:45,79.5961,83.9797,102.218,100.946,90.9477,102.256,88.88491666666667,92.79743095238095
00:40:50,80.9197,83.9797,102.74,101.151,92.3232,102.262,88.90553333333335,92.93786904761906
00:40:55,82.6967,83.9797,101.49,101.735,93.4665,101.663,89.30096666666668,93.35774523809525
00:41:00,83.5211,100.401,99.1959,101.718,93.922,101.666,91.88073333333332,94.94402619047618
00:41:05,83.0931,101.351,99.1959,101.633,94.8177,102.01,94.45966666666666,96.53171666666665
00:41:10,83.1381,101.829,99.1959,101.955,96.1183,101.848,94.63383333333334,96.81804761904762
00:41:15,82.847,101.639,99.1959,101.767,96.3057,101.503,94.64081666666667,96.90168095238096
00:41:20,82.1639,99.6575,99.1959,101.224,96.0,101.222,94.11653333333331,96.49671190476191
00:41:25,81.9672,97.2295,99.1959,101.498,96.367,100.546,93.23498333333332,95.90977619047618
00:41:30,82.8698,95.828,99.1959,102.041,96.402,100.333,92.71438333333333,95.6358619047619
00:41:35,84.281,95.0559,99.1959,101.746,95.5745,100.668,92.73775,95.61903571428572
00:41:40,85.252,94.7771,99.1959,101.633,95.598,100.671,92.95963333333334,95.68339761904762
00:41:45,87.4286,95.4352,99.1959,101.928,96.4875,100.394,93.54745,96.0779357142857
00:41:50,89.379,96.2817,99.1959,101.931,96.8395,99.9365,94.48605,96.67177857142858
00:41:55,89.6429,95.5082,99.1959,101.633,97.1537,100.546,94.86726666666667,96.9269880952381
00:42:00,89.4782,91.9956,82.1587,101.743,98.028,101.003,91.32991666666666,95.0532880952381
00:42:05,88.5526,88.5296,84.4073,101.71,98.9172,100.116,87.52033333333333,92.97713333333331
00:42:10,87.3399,86.8362,85.8818,101.365,99.2593,99.6564,86.92456666666666,92.60145952380951
00:42:15,86.5774,88.0425,86.1281,101.555,99.5671,99.5965,86.80098333333333,92.52908333333333
00:42:20,86.4999,90.5698,86.2069,101.476,100.183,98.9961,87.33743333333334,92.86236904761904
00:42:25,86.9048,92.2194,87.1156,100.454,100.285,98.2946,88.25273333333334,93.26504047619045
00:42:30,87.9264,94.131,87.067,99.2,100.319,98.0392,89.22736666666665,93.60076666666663
00:42:35,89.9372,95.9584,85.0111,99.3421,100.914,97.5585,90.00518333333332,93.95816190476188
00:42:40,92.1468,96.5037,82.4968,98.7097,101.468,96.926,90.34233333333333,94.11835476190477
00:42:45,92.7059,96.1935,81.0811,97.451,101.895,96.4334,90.18796666666665,93.88477380952381
00:42:50,91.0494,96.2705,81.1827,97.1394,102.041,95.2161,89.74718333333334,93.43952619047619
00:42:55,88.8935,96.4968,81.8509,95.6458,102.041,94.3396,89.29063333333335,92.91056904761905
00:43:00,88.609,96.074,78.7123,95.6348,102.041,94.3396,88.43941666666666,92.25408095238095
00:43:05,87.8714,93.2622,73.4366,95.0514,101.74,94.3396,86.32758333333334,90.98336190476189
00:43:10,86.2799,89.2552,73.8118,93.2661,101.633,94.3396,83.98618333333334,89.44708333333332
00:43:15,86.402,86.1426,76.5512,92.9896,101.583,94.3396,83.07378333333332,88.76722619047618
00:43:20,86.4541,83.3625,78.355,91.2979,101.224,88.2574,82.8779,88.05105
00:43:25,86.8316,81.9672,79.7589,91.8811,101.525,86.3564,82.78821666666667,87.34625238095238
00:43:30,88.0487,82.065,80.3707,93.2204,101.646,86.3564,83.17368333333334,87.59819761904762
00:43:35,89.2307,82.5179,80.8348,92.6499,101.682,86.3564,83.84463333333333,88.0477261904762
00:43:40,88.3874,84.5381,81.7173,94.1279,101.757,86.9941,84.5377,88.56206428571429
00:43:45,86.6963,87.0097,83.2031,94.8972,101.426,82.0202,85.25864999999999,88.80654285714286
00:43:50,86.5061,88.3409,84.8835,94.1038,101.351,87.9581,86.1066,89.32922142857144
00:43:55,87.6658,90.1645,85.7143,93.508,101.351,85.3241,87.21251666666667,90.09258095238097
00:44:00,88.9666,92.2957,85.8857,92.9348,101.368,80.8937,88.44876666666667,90.2121238095238
00:44:05,89.4717,93.1798,85.556,92.9446,101.713,84.7166,89.22591666666665,90.59843095238094
00:44:10,90.0,92.8689,83.7363,92.6327,102.041,83.6304,89.13544999999999,90.76870714285712
00:44:15,89.759,92.2654,83.8154,92.4224,102.041,85.642,88.74083333333334,90.59544047619048
00:44:20,88.8782,91.5516,84.1361,92.9574,102.407,89.1566,88.40095,90.84528571428572
00:44:25,88.2456,91.5901,81.4231,93.1045,102.733,83.7376,87.63745,90.37112142857143
00:44:30,87.8337,92.7045,79.1957,91.9752,102.207,86.9536,86.83211666666668,89.66913095238095
00:44:35,86.9268,93.5287,78.5691,92.1715,102.568,90.5487,86.45975000000001,89.86442857142858
00:44:40,85.7276,94.033,78.534,93.6149,102.383,85.0047,86.21986666666668,89.71783809523811
00:44:45,84.9399,93.9247,80.0584,93.5849,102.224,87.7394,86.20293333333333,89.58388333333335
00:44:50,84.4506,92.7893,81.4947,93.8568,102.568,89.0337,86.27626666666666,89.94406666666666
00:44:55,84.8591,91.1456,81.0259,93.8099,101.863,85.6351,85.96086666666667,89.60381666666666
00:45:00,85.6838,89.5017,81.4747,93.0468,101.973,85.5968,85.61513333333333,89.06040476190478
00:45:05,86.0937,87.8392,83.3899,92.5223,102.499,91.3702,85.66383333333334,89.45134047619048
00:45:10,87.5128,86.8966,85.5195,91.8451,102.74,98.1032,86.20861666666667,90.62490952380952
00:45:15,89.1146,87.5538,85.8953,91.184,102.74,94.8083,87.0821,91.29124285714286
00:45:20,90.1118,89.5294,85.0616,91.2928,103.316,88.6039,87.87774999999999,91.06907142857142
00:45:25,91.6609,91.4118,84.5662,91.8505,104.03,92.5314,88.72361666666666,91.52953809523808
00:45:30,92.2972,92.0976,83.5546,92.1171,103.807,94.2925,89.26471666666666,92.33901666666665
00:45:35,91.818,91.8634,84.4518,93.2747,103.456,90.631,89.34709999999998,92.31107857142857
00:45:40,91.3039,92.3496,85.0348,93.6338,104.041,91.2786,89.47025,92.29122142857142
00:45:45,90.7051,93.8328,82.342,93.2075,104.056,92.5679,89.26136666666667,92.34826666666669
00:45:50,90.6616,95.0143,81.0624,93.985,104.195,88.7823,88.93636666666666,92.02033095238096
00:45:55,90.6966,95.9167,81.2903,94.7098,103.938,85.8347,89.10698333333332,91.73576190476189
00:46:00,89.9465,96.5385,80.8731,92.704,103.374,88.4175,89.21028333333334,91.61859047619048
00:46:05,88.7994,96.464,82.2094,91.3256,103.763,89.6279,89.13848333333334,91.5942761904762
00:46:10,87.9546,96.6234,82.7825,92.6738,103.459,89.3186,89.13888333333333,91.66278333333335
00:46:15,88.2832,97.581,81.0877,93.1265,102.866,88.9435,89.05206666666666,91.62885238095238
00:46:20,89.0664,98.3766,81.6285,92.555,102.351,89.5176,89.33723333333333,91.71839047619048
00:46:25,89.2773,98.6002,83.4498,92.2427,102.79,90.9947,90.06646666666666,92.21305238095238
00:46:30,89.0131,97.6452,84.6325,92.5267,102.5,89.2786,90.43635,92.41596428571427
00:46:35,87.8902,95.245,86.2239,92.4932,102.207,87.9755,90.10831666666667,91.98910952380952
00:46:40,86.615,92.656,87.0016,91.9286,102.761,90.3163,89.27195,91.56122857142856
00:46:45,86.2069,91.2376,86.3185,91.4634,102.087,89.9858,88.33926666666667,91.08973095238096
00:46:50,86.8845,91.7358,85.3119,91.7751,100.965,90.4756,87.94919999999999,90.7389642857143
00:46:55,87.7769,91.045,85.4939,92.4133,99.8764,92.5657,88.04133333333331,90.88584047619048
00:47:00,88.0702,88.9279,86.3644,92.9538,99.6636,92.963,87.94638333333333,91.00049047619048
00:47:05,87.934,88.0388,87.2731,93.1677,100.258,92.7683,87.76806666666667,90.99420952380952
00:47:10,87.1143,87.7193,90.0245,93.7692,100.599,91.1843,88.01733333333333,91.13465476190476
00:47:15,86.8784,89.0845,92.0245,94.6537,100.671,91.7655,88.80758333333333,91.65024047619048
00:47:20,88.0322,90.9784,92.5767,94.9367,100.465,94.4978,89.92911666666666,92.60161666666667
00:47:25,89.3186,91.8316,93.653,94.9367,99.471,95.1592,91.06508333333335,93.42764761904763
00:47:30,89.2497,92.3745,94.586,95.4771,99.0084,95.2874,91.83556666666667,93.85888095238096
00:47:35,88.2725,94.2593,95.2681,96.4853,98.8261,95.5414,92.33501666666666,94.23613095238095
00:47:40,87.5376,96.4695,94.5444,97.3077,96.6544,95.5414,92.72523333333334,94.43986904761904
00:47:45,86.2341,97.8,94.0127,97.9101,93.6418,95.0762,92.76638333333332,94.16161904761904
00:47:50,86.1094,99.3794,94.5733,98.4211,91.879,94.2101,93.01814999999998,93.94882142857142
00:47:55,87.4868,100.443,93.6306,98.372,90.4268,96.5736,93.60374999999999,94.19375714285715
00:48:00,87.6115,101.033,94.067,98.5326,89.338,97.9114,94.04531666666668,94.53692380952381
00:48:05,87.6402,101.655,95.0943,98.9964,89.216,96.121,94.51683333333334,94.73214761904761
00:48:10,88.0294,102.245,94.9216,98.8358,88.9518,95.7692,94.93091666666666,94.8098238095238
00:48:15,87.7412,102.636,96.1808,98.7182,88.7574,96.0123,95.29233333333335,94.95595476190475
00:48:20,86.6045,102.611,98.9515,99.045,88.4667,96.5087,95.78750000000001,95.27202142857143
00:48:25,86.7976,102.066,101.739,99.6344,87.9477,96.7742,96.46160000000002,95.71925000000002
00:48:30,88.4143,100.824,102.14,99.7351,87.7193,97.4083,96.99681666666667,96.08525238095238
00:48:35,89.1041,99.3474,101.214,99.6,87.9319,98.0762,96.84063333333333,96.08541904761904
00:48:40,88.49,98.943,100.946,99.9271,88.1899,97.7563,96.34074999999999,95.87195714285716
00:48:45,87.3907,98.715,101.177,100.4,87.9565,97.4026,95.94361666666666,95.65580952380955
00:48:50,86.9502,97.5079,101.52,100.303,85.2753,97.7158,95.54346666666666,95.24292380952383
00:48:55,87.0238,96.0414,102.928,100.301,83.8049,98.0341,95.32855,94.86160714285714
00:49:00,86.7642,93.949,103.476,100.636,84.9208,97.7002,95.03040000000001,94.68858571428571
00:49:05,85.5504,93.5115,103.333,100.671,84.219,97.0677,94.43068333333335,94.33286904761906
00:49:10,84.0837,94.6835,104.024,100.78,84.1061,96.8096,94.19768333333333,94.08820476190476
00:49:15,83.8277,94.8603,104.167,101.12,85.2529,97.4421,94.27436666666665,94.26468809523809
00:49:20,85.1986,94.5617,104.292,101.351,85.9052,98.3075,94.48455,94.66107857142856
00:49:25,86.8666,93.4801,104.583,101.351,85.4646,98.63,94.83033333333334,94.97514047619046
00:49:30,88.1815,92.2181,104.441,101.616,85.3336,98.6842,94.96171666666667,95.05522380952381
00:49:35,88.5214,92.4062,103.79,101.961,86.3133,98.6842,94.92636666666667,95.1430880952381
00:49:40,88.2604,94.2328,101.623,101.897,86.7052,98.6842,94.80563333333333,95.19214047619047
00:49:45,88.2833,95.2028,99.5679,101.633,86.293,99.0005,94.52836666666666,95.03141666666667
00:49:50,88.5444,94.9367,99.1835,101.757,85.9039,99.3273,94.28643333333332,94.87186904761906
00:49:55,87.6964,94.0747,98.8567,101.677,86.161,99.5205,93.88206666666667,94.67165952380952
